<?xml version="1.0" encoding="UTF-8"?>
<project-private xmlns="http://www.netbeans.org/ns/project-private/1">
    <editor-bookmarks xmlns="http://www.netbeans.org/ns/editor-bookmarks/2" lastBookmarkId="0"/>
    <open-files xmlns="http://www.netbeans.org/ns/projectui-open-files/2">
        <group>
            <file>file:/C:/xampp/htdocs/Conalpre/css/bootstrap.css</file>
            <file>file:/C:/xampp/htdocs/Conalpre/index.php</file>
            <file>file:/C:/xampp/htdocs/Conalpre/App/app.js</file>
            <file>file:/C:/xampp/htdocs/Conalpre/App/ng-controllers/inicioController.js</file>
            <file>file:/C:/xampp/htdocs/Conalpre/Views/contenido.html</file>
            <file>file:/C:/xampp/htdocs/Conalpre/Models/Articulo.php</file>
            <file>file:/C:/xampp/htdocs/Conalpre/App/ng-controllers/indexController.js</file>
            <file>file:/C:/xampp/htdocs/Conalpre/Views/inicio.html</file>
            <file>file:/C:/xampp/htdocs/Conalpre/App/ng-controllers/contenidoController.js</file>
            <file>file:/C:/xampp/htdocs/Conalpre/css/site.css</file>
        </group>
    </open-files>
</project-private>
